{
    "items": [
        {
            "type": "role",
            "name": "test",
            "value": "test",
            "credits": 100
        },
        {
            "type": "timelimit",
            "name": "moretime",
            "value": "200",
            "credits": 300
        },
        {
            "type": "concurrent",
            "name": "morecons",
            "value": "1",
            "credits": 500
        },
        {
            "type": "expiry",
            "name": "extradays",
            "value": "4",
            "credits": 300
        }
    ],
    "E16ziYUJQS5n": {
        "enabled": false,
        "attack threshold": 0,
        "reward": 0
    }
}
