[

		{

			"name":"admin",
			"alias":["ahelp"],
			"permission":["admin"],
			"asset":"adminhelp",
			"description":"admin help menu"
		},

    {

			"name":"methods",
			"alias":["method"],
			"asset":"methods"
		},
   

   
    {

			"name":"eternal",
			"alias":["eternal"],
			"asset":"eternal"
		},
   
    {

			"name":"wrld",
			"alias":["wrld","world"],
			"asset":"wrld"
		},
   
    	{

			"name":"999",
			"alias":["juice","juicewrld","juice wrld"],
			"asset":"999"
		},
   
    	{

			"name":"nle",
			"alias":["choppa","nlechoppa","nle choppa"],
			"asset":"nle"
		},
   
    	{

			"name":"icardi",
			"alias":["icardi","mauroicardi","mauro icardi"],
			"asset":"icardi"
		},
   
   
   

    {

			"name":"mpermission",
			"alias":["mpermissions"],
			"asset":"mpermission"
		},
   
    {

			"name":"plans",
			"alias":["plan","prices","price"],
			"asset":"plans"
		},

    {

			"name":"others",
			"alias":["others","other"],
			"asset":"others"
		},
   
		{

			"name":"help",
			"asset":"help"
		},
   		{

			"name":"tools",
			"asset":"tools"
		},
		{

			"name":"botcount",
			"permission":["admin"],
			"asset":"bots"
		},
       	{

			"name":"tos",
			"alias":["rules","tos"],
			"asset":"tos"
		},
   

		{
			"name":"account",
			"alias":["acccount","info"],

            "-Comment- Remove this line" : "You do not need to define empty types such as a command with no permissions needed!",

			"asset":"accountinfo",
			"description":"returns user info"
		}

]